[{"data": [{"Indicator": "Volunteering", "data": [{"Pooled": false, "Rank (2013)": "22", "level": "", "Sample (2013)": "1904", "National (2013)": "25.4", "National Trend (Pooled)": "26.2", "rank": "0", "State Trend (Pooled)": "29.1", "Percentile (2013)": "5", "timeseries": false, "Margins of Error (2013)": "2.0", "State (2013)": "27.8"}]}, {"Indicator": "Attended a public meeting ", "data": [{"Pooled": false, "Rank (2013)": "19", "level": "", "Sample (2013)": "1904", "National (2013)": "8.3", "National Trend (Pooled)": "8.7", "rank": "1", "State Trend (Pooled)": "10.5", "Percentile (2013)": "4", "timeseries": false, "Margins of Error (2013)": "1.4", "State (2013)": "10.4"}]}, {"Indicator": "Working with neighbors to fix or improve something in the community", "data": [{"Pooled": false, "Rank (2013)": "22", "level": "", "Sample (2013)": "1904", "National (2013)": "7.6", "National Trend (Pooled)": "8.2", "rank": "2", "State Trend (Pooled)": "9.2", "Percentile (2013)": "5", "timeseries": false, "Margins of Error (2013)": "1.3", "State (2013)": "8.6"}]}, {"Indicator": "Charitable Giving ($25 or more)", "data": [{"Pooled": false, "Rank (2013)": "12", "level": "", "Sample (2013)": "1904", "National (2013)": "50.1", "National Trend (Pooled)": "50.7", "rank": "3", "State Trend (Pooled)": "57.9", "Percentile (2013)": "3", "timeseries": false, "Margins of Error (2013)": "2.2", "State (2013)": "56.2"}]}], "name": "Volunteering and Giving", "rank": 0, "icon": "fa fa-gift"}, {"data": [{"Indicator": "Voting (2012)", "data": [{"Pooled": false, "Rank (2013)": "26", "level": "", "Sample (2013)": "2056", "National (2013)": "61.8", "National Trend (Pooled)": "-9999", "rank": "0", "State Trend (Pooled)": "-9999", "Percentile (2013)": "6", "timeseries": false, "Margins of Error (2013)": "2.1", "State (2013)": "62.7"}]}, {"Indicator": "Registration (2012)", "data": [{"Pooled": false, "Rank (2013)": "34", "level": "", "Sample (2013)": "2056", "National (2013)": "71.2", "National Trend (Pooled)": "-9999", "rank": "1", "State Trend (Pooled)": "-9999", "Percentile (2013)": "7", "timeseries": false, "Margins of Error (2013)": "2.0", "State (2013)": "70.5"}]}], "name": "Voting and Registrations", "rank": 1, "icon": "fa fa-check-circle-o"}, {"data": [{"Indicator": "Talk with neighbors", "data": [{"Pooled": true, "Rank (2013)": "-666666", "level": "Never", "Sample (2013)": "-666666", "National (2013)": "14.3", "National Trend (Pooled)": "15.9", "rank": "2", "State Trend (Pooled)": "14.9", "Percentile (2013)": "-666666", "timeseries": false, "Margins of Error (2013)": "-666666", "State (2013)": "13.2"}, {"Pooled": true, "Rank (2013)": "-666666", "level": "Infrequently", "Sample (2013)": "-666666", "National (2013)": "44.3", "National Trend (Pooled)": "41.7", "rank": "1", "State Trend (Pooled)": "40.0", "Percentile (2013)": "-666666", "timeseries": false, "Margins of Error (2013)": "-666666", "State (2013)": "41.2"}, {"Pooled": true, "Rank (2013)": "11", "level": "Frequently", "Sample (2013)": "744", "National (2013)": "41.4", "National Trend (Pooled)": "42.5", "rank": "0", "State Trend (Pooled)": "45.0", "Percentile (2013)": "3", "timeseries": false, "Margins of Error (2013)": "3.6", "State (2013)": "45.5"}]}, {"Indicator": "Do favors for neighbors", "data": [{"Pooled": true, "Rank (2013)": "-666666", "level": "Never", "Sample (2013)": "-666666", "National (2013)": "37.4", "National Trend (Pooled)": "38.9", "rank": "2", "State Trend (Pooled)": "35.5", "Percentile (2013)": "-666666", "timeseries": false, "Margins of Error (2013)": "-666666", "State (2013)": "34.9"}, {"Pooled": true, "Rank (2013)": "-666666", "level": "Infrequently", "Sample (2013)": "-666666", "National (2013)": "50.4", "National Trend (Pooled)": "47.3", "rank": "1", "State Trend (Pooled)": "51.0", "Percentile (2013)": "-666666", "timeseries": false, "Margins of Error (2013)": "-666666", "State (2013)": "53.4"}, {"Pooled": true, "Rank (2013)": "33", "level": "Frequently", "Sample (2013)": "744", "National (2013)": "12.1", "National Trend (Pooled)": "13.8", "rank": "0", "State Trend (Pooled)": "13.6", "Percentile (2013)": "7", "timeseries": false, "Margins of Error (2013)": "2.3", "State (2013)": "11.7"}]}, {"Indicator": "Trust the people in your neighborhood", "data": [{"Pooled": true, "Rank (2013)": "-666666", "level": "All", "Sample (2013)": "-666666", "National (2013)": "15.3", "National Trend (Pooled)": "15.4", "rank": "1", "State Trend (Pooled)": "18.0", "Percentile (2013)": "-666666", "timeseries": false, "Margins of Error (2013)": "-666666", "State (2013)": "18.1"}, {"Pooled": true, "Rank (2013)": "-666666", "level": "Most", "Sample (2013)": "-666666", "National (2013)": "40.5", "National Trend (Pooled)": "40.8", "rank": "2", "State Trend (Pooled)": "43.7", "Percentile (2013)": "-666666", "timeseries": false, "Margins of Error (2013)": "-666666", "State (2013)": "43.8"}, {"Pooled": true, "Rank (2013)": "-666666", "level": "Some", "Sample (2013)": "-666666", "National (2013)": "35.3", "National Trend (Pooled)": "35.0", "rank": "3", "State Trend (Pooled)": "30.0", "Percentile (2013)": "-666666", "timeseries": false, "Margins of Error (2013)": "-666666", "State (2013)": "29.0"}, {"Pooled": true, "Rank (2013)": "-666666", "level": "None", "Sample (2013)": "-666666", "National (2013)": "9.0", "National Trend (Pooled)": "8.8", "rank": "4", "State Trend (Pooled)": "8.3", "Percentile (2013)": "-666666", "timeseries": false, "Margins of Error (2013)": "-666666", "State (2013)": "9.1"}, {"Pooled": true, "Rank (2013)": "21", "level": "Most or All", "Sample (2013)": "515", "National (2013)": "55.8", "National Trend (Pooled)": "56.2", "rank": "0", "State Trend (Pooled)": "61.7", "Percentile (2013)": "7", "timeseries": false, "Margins of Error (2013)": "4.2", "State (2013)": "61.9"}]}], "name": "Interactions with Neighbors", "rank": 2, "icon": "fa fa-exchange"}, {"data": [{"Indicator": "Talk politics with family or friends", "data": [{"Pooled": true, "Rank (2013)": "-666666", "level": "Never", "Sample (2013)": "-666666", "National (2013)": "28.4", "National Trend (Pooled)": "30.5", "rank": "2", "State Trend (Pooled)": "27.5", "Percentile (2013)": "-666666", "timeseries": false, "Margins of Error (2013)": "-666666", "State (2013)": "27.2"}, {"Pooled": true, "Rank (2013)": "-666666", "level": "Infrequently", "Sample (2013)": "-666666", "National (2013)": "44.6", "National Trend (Pooled)": "42.0", "rank": "1", "State Trend (Pooled)": "42.9", "Percentile (2013)": "-666666", "timeseries": false, "Margins of Error (2013)": "-666666", "State (2013)": "45.0"}, {"Pooled": true, "Rank (2013)": "29", "level": "Frequently", "Sample (2013)": "743", "National (2013)": "27.0", "National Trend (Pooled)": "27.4", "rank": "0", "State Trend (Pooled)": "29.6", "Percentile (2013)": "6", "timeseries": false, "Margins of Error (2013)": "3.2", "State (2013)": "27.8"}]}, {"Indicator": "Eat dinner with other HH members", "data": [{"Pooled": true, "Rank (2013)": "-666666", "level": "Never", "Sample (2013)": "-666666", "National (2013)": "3.6", "National Trend (Pooled)": "3.4", "rank": "2", "State Trend (Pooled)": "2.5", "Percentile (2013)": "-666666", "timeseries": false, "Margins of Error (2013)": "-666666", "State (2013)": "2.7"}, {"Pooled": true, "Rank (2013)": "-666666", "level": "Infrequenlty", "Sample (2013)": "-666666", "National (2013)": "8.6", "National Trend (Pooled)": "8.1", "rank": "1", "State Trend (Pooled)": "9.2", "Percentile (2013)": "-666666", "timeseries": false, "Margins of Error (2013)": "-666666", "State (2013)": "8.6"}, {"Pooled": true, "Rank (2013)": "28", "level": "Frequenlty", "Sample (2013)": "607", "National (2013)": "87.8", "National Trend (Pooled)": "88.5", "rank": "0", "State Trend (Pooled)": "88.3", "Percentile (2013)": "6", "timeseries": false, "Margins of Error (2013)": "2.5", "State (2013)": "88.7"}]}, {"Indicator": "How often did you hear from family/friends?", "data": [{"Pooled": true, "Rank (2013)": "-666666", "level": "Never", "Sample (2013)": "-666666", "National (2013)": "2.9", "National Trend (Pooled)": "12.2", "rank": "2", "State Trend (Pooled)": "9.9", "Percentile (2013)": "-666666", "timeseries": false, "Margins of Error (2013)": "-666666", "State (2013)": "2.6"}, {"Pooled": true, "Rank (2013)": "-666666", "level": "Infrequently", "Sample (2013)": "-666666", "National (2013)": "21.4", "National Trend (Pooled)": "18.2", "rank": "1", "State Trend (Pooled)": "16.4", "Percentile (2013)": "-666666", "timeseries": false, "Margins of Error (2013)": "-666666", "State (2013)": "19.6"}, {"Pooled": true, "Rank (2013)": "28", "level": "Frequently", "Sample (2013)": "740", "National (2013)": "75.7", "National Trend (Pooled)": "69.7", "rank": "0", "State Trend (Pooled)": "73.7", "Percentile (2013)": "6", "timeseries": false, "Margins of Error (2013)": "3.0", "State (2013)": "77.8"}]}], "name": "Communication With Family and Friends", "rank": 3, "icon": "fa fa-comments-o"}, {"data": [{"Indicator": "Vote in local elections", "data": [{"Pooled": true, "Rank (2013)": "-666666", "level": "Always", "Sample (2013)": "-666666", "National (2013)": "33.0", "National Trend (Pooled)": "33.1", "rank": "1", "State Trend (Pooled)": "38.2", "Percentile (2013)": "-666666", "timeseries": false, "Margins of Error (2013)": "-666666", "State (2013)": "39.4"}, {"Pooled": true, "Rank (2013)": "-666666", "level": "Sometimes", "Sample (2013)": "-666666", "National (2013)": "25.5", "National Trend (Pooled)": "25.1", "rank": "2", "State Trend (Pooled)": "24.4", "Percentile (2013)": "-666666", "timeseries": false, "Margins of Error (2013)": "-666666", "State (2013)": "24.1"}, {"Pooled": true, "Rank (2013)": "-666666", "level": "Rarely", "Sample (2013)": "-666666", "National (2013)": "10.2", "National Trend (Pooled)": "10.0", "rank": "3", "State Trend (Pooled)": "8.5", "Percentile (2013)": "-666666", "timeseries": false, "Margins of Error (2013)": "-666666", "State (2013)": "8.6"}, {"Pooled": true, "Rank (2013)": "-666666", "level": "Never", "Sample (2013)": "-666666", "National (2013)": "31.2", "National Trend (Pooled)": "31.9", "rank": "4", "State Trend (Pooled)": "28.9", "Percentile (2013)": "-666666", "timeseries": false, "Margins of Error (2013)": "-666666", "State (2013)": "27.9"}, {"Pooled": true, "Rank (2013)": "24", "level": "Always or Sometimes", "Sample (2013)": "767", "National (2013)": "58.5", "National Trend (Pooled)": "58.2", "rank": "0", "State Trend (Pooled)": "62.6", "Percentile (2013)": "5", "timeseries": false, "Margins of Error (2013)": "3.4", "State (2013)": "63.5"}]}, {"Indicator": "Nonelectoral participation (percent Yes)", "data": [{"Pooled": false, "Rank (2013)": "19", "level": "Contacted or visited public official", "Sample (2013)": "764", "National (2013)": "10.8", "National Trend (Pooled)": "11.0", "rank": "0", "State Trend (Pooled)": "14.5", "Percentile (2013)": "4", "timeseries": false, "Margins of Error (2013)": "2.4", "State (2013)": "13.8"}, {"Pooled": false, "Rank (2013)": "21", "level": "Bought or boycotted a product or service", "Sample (2013)": "761", "National (2013)": "12.8", "National Trend (Pooled)": "11.6", "rank": "0", "State Trend (Pooled)": "15.2", "Percentile (2013)": "5", "timeseries": false, "Margins of Error (2013)": "2.5", "State (2013)": "14.0"}]}, {"Indicator": "Use the Internet to express a public opinion", "data": [{"Pooled": true, "Rank (2013)": "-666666", "level": "Never", "Sample (2013)": "-666666", "National (2013)": "71.6", "National Trend (Pooled)": "71.9", "rank": "2", "State Trend (Pooled)": "70.8", "Percentile (2013)": "-666666", "timeseries": false, "Margins of Error (2013)": "-666666", "State (2013)": "69.9"}, {"Pooled": true, "Rank (2013)": "-666666", "level": "Infrequently", "Sample (2013)": "-666666", "National (2013)": "20.5", "National Trend (Pooled)": "20.2", "rank": "1", "State Trend (Pooled)": "22.0", "Percentile (2013)": "-666666", "timeseries": false, "Margins of Error (2013)": "-666666", "State (2013)": "21.6"}, {"Pooled": true, "Rank (2013)": "20", "level": "Frequently", "Sample (2013)": "752", "National (2013)": "7.9", "National Trend (Pooled)": "8.0", "rank": "0", "State Trend (Pooled)": "7.2", "Percentile (2013)": "4", "timeseries": false, "Margins of Error (2013)": "2.0", "State (2013)": "8.4"}]}], "name": "Political Involvement", "rank": 4, "icon": "fa fa-flag-o"}, {"data": [{"Indicator": "Group Participation (percent Yes)", "data": [{"Pooled": false, "Rank (2013)": "41", "level": "School group, neighborhood or community association", "Sample (2013)": "762", "National (2013)": "13.9", "National Trend (Pooled)": "14.5", "rank": "0", "State Trend (Pooled)": "14.4", "Percentile (2013)": "8", "timeseries": false, "Margins of Error (2013)": "2.3", "State (2013)": "12.0"}, {"Pooled": false, "Rank (2013)": "25", "level": "Service or civic association", "Sample (2013)": "761", "National (2013)": "6.8", "National Trend (Pooled)": "7.1", "rank": "0", "State Trend (Pooled)": "8.7", "Percentile (2013)": "5", "timeseries": false, "Margins of Error (2013)": "1.9", "State (2013)": "8.0"}, {"Pooled": false, "Rank (2013)": "32", "level": "Sports or recreation association", "Sample (2013)": "761", "National (2013)": "9.9", "National Trend (Pooled)": "10.3", "rank": "0", "State Trend (Pooled)": "12.7", "Percentile (2013)": "7", "timeseries": false, "Margins of Error (2013)": "2.1", "State (2013)": "10.0"}, {"Pooled": false, "Rank (2013)": "50", "level": "Church, synagogue, mosque, or religious institution", "Sample (2013)": "761", "National (2013)": "19.4", "National Trend (Pooled)": "19.1", "rank": "0", "State Trend (Pooled)": "17.3", "Percentile (2013)": "10", "timeseries": false, "Margins of Error (2013)": "2.5", "State (2013)": "14.3"}, {"Pooled": false, "Rank (2013)": "19", "level": "Any other type of organization", "Sample (2013)": "761", "National (2013)": "5.0", "National Trend (Pooled)": "5.4", "rank": "0", "State Trend (Pooled)": "6.8", "Percentile (2013)": "4", "timeseries": false, "Margins of Error (2013)": "1.7", "State (2013)": "6.2"}, {"Pooled": false, "Rank (2013)": "36", "level": "Any Type", "Sample (2013)": "763", "National (2013)": "36.3", "National Trend (Pooled)": "36.4", "rank": "0", "State Trend (Pooled)": "38.8", "Percentile (2013)": "7", "timeseries": false, "Margins of Error (2013)": "3.4", "State (2013)": "35.1"}, {"Pooled": false, "Rank (2013)": "25", "level": "Officer or member of committee for group or organization ", "Sample (2013)": "760", "National (2013)": "9.7", "National Trend (Pooled)": "9.8", "rank": "0", "State Trend (Pooled)": "11.7", "Percentile (2013)": "5", "timeseries": false, "Margins of Error (2013)": "2.3", "State (2013)": "11.3"}]}], "name": "Group Membership", "rank": 5, "icon": "fa fa-users"}, {"data": [{"Indicator": "Confidence in Corporations", "data": [{"Pooled": true, "Rank (2013)": "-666666", "level": "A great deal", "Sample (2013)": "-666666", "National (2013)": "6.5", "National Trend (Pooled)": "6.4", "rank": "1", "State Trend (Pooled)": "6.4", "Percentile (2013)": "-666666", "timeseries": false, "Margins of Error (2013)": "-666666", "State (2013)": "6.8"}, {"Pooled": true, "Rank (2013)": "-666666", "level": "Some", "Sample (2013)": "-666666", "National (2013)": "58.0", "National Trend (Pooled)": "57.0", "rank": "2", "State Trend (Pooled)": "56.8", "Percentile (2013)": "-666666", "timeseries": false, "Margins of Error (2013)": "-666666", "State (2013)": "57.1"}, {"Pooled": true, "Rank (2013)": "-666666", "level": "Hardly any", "Sample (2013)": "-666666", "National (2013)": "20.6", "National Trend (Pooled)": "22.0", "rank": "3", "State Trend (Pooled)": "21.5", "Percentile (2013)": "-666666", "timeseries": false, "Margins of Error (2013)": "-666666", "State (2013)": "19.1"}, {"Pooled": true, "Rank (2013)": "-666666", "level": "None", "Sample (2013)": "-666666", "National (2013)": "14.8", "National Trend (Pooled)": "14.6", "rank": "4", "State Trend (Pooled)": "15.3", "Percentile (2013)": "-666666", "timeseries": false, "Margins of Error (2013)": "-666666", "State (2013)": "17.0"}, {"Pooled": true, "Rank (2013)": "36", "level": "A great deal or Some", "Sample (2013)": "509", "National (2013)": "64.5", "National Trend (Pooled)": "63.4", "rank": "0", "State Trend (Pooled)": "63.3", "Percentile (2013)": "7", "timeseries": false, "Margins of Error (2013)": "4.2", "State (2013)": "63.9"}]}, {"Indicator": "Confidence in Media", "data": [{"Pooled": true, "Rank (2013)": "-666666", "level": "A great deal", "Sample (2013)": "-666666", "National (2013)": "4.1", "National Trend (Pooled)": "4.5", "rank": "1", "State Trend (Pooled)": "6.8", "Percentile (2013)": "-666666", "timeseries": false, "Margins of Error (2013)": "-666666", "State (2013)": "6.0"}, {"Pooled": true, "Rank (2013)": "-666666", "level": "Some", "Sample (2013)": "-666666", "National (2013)": "50.9", "National Trend (Pooled)": "53.5", "rank": "2", "State Trend (Pooled)": "54.5", "Percentile (2013)": "-666666", "timeseries": false, "Margins of Error (2013)": "-666666", "State (2013)": "53.2"}, {"Pooled": true, "Rank (2013)": "-666666", "level": "Hardly any", "Sample (2013)": "-666666", "National (2013)": "25.5", "National Trend (Pooled)": "26.6", "rank": "3", "State Trend (Pooled)": "25.2", "Percentile (2013)": "-666666", "timeseries": false, "Margins of Error (2013)": "-666666", "State (2013)": "23.3"}, {"Pooled": true, "Rank (2013)": "-666666", "level": "None", "Sample (2013)": "-666666", "National (2013)": "19.4", "National Trend (Pooled)": "15.4", "rank": "4", "State Trend (Pooled)": "13.6", "Percentile (2013)": "-666666", "timeseries": false, "Margins of Error (2013)": "-666666", "State (2013)": "17.5"}, {"Pooled": true, "Rank (2013)": "12", "level": "A great deal or Some", "Sample (2013)": "519", "National (2013)": "55.0", "National Trend (Pooled)": "58.0", "rank": "0", "State Trend (Pooled)": "61.2", "Percentile (2013)": "3", "timeseries": false, "Margins of Error (2013)": "4.2", "State (2013)": "59.2"}]}, {"Indicator": "Confidence in Public Schools", "data": [{"Pooled": true, "Rank (2013)": "-666666", "level": "A great deal", "Sample (2013)": "-666666", "National (2013)": "28.5", "National Trend (Pooled)": "29.2", "rank": "1", "State Trend (Pooled)": "36.6", "Percentile (2013)": "-666666", "timeseries": false, "Margins of Error (2013)": "-666666", "State (2013)": "36.6"}, {"Pooled": true, "Rank (2013)": "-666666", "level": "Some", "Sample (2013)": "-666666", "National (2013)": "56.0", "National Trend (Pooled)": "56.9", "rank": "2", "State Trend (Pooled)": "53.5", "Percentile (2013)": "-666666", "timeseries": false, "Margins of Error (2013)": "-666666", "State (2013)": "51.6"}, {"Pooled": true, "Rank (2013)": "-666666", "level": "Hardly any", "Sample (2013)": "-666666", "National (2013)": "9.3", "National Trend (Pooled)": "9.3", "rank": "3", "State Trend (Pooled)": "6.1", "Percentile (2013)": "-666666", "timeseries": false, "Margins of Error (2013)": "-666666", "State (2013)": "6.8"}, {"Pooled": true, "Rank (2013)": "-666666", "level": "None", "Sample (2013)": "-666666", "National (2013)": "6.2", "National Trend (Pooled)": "4.6", "rank": "4", "State Trend (Pooled)": "3.8", "Percentile (2013)": "-666666", "timeseries": false, "Margins of Error (2013)": "-666666", "State (2013)": "5.1"}, {"Pooled": true, "Rank (2013)": "13", "level": "A great deal or Some", "Sample (2013)": "509", "National (2013)": "84.5", "National Trend (Pooled)": "86.1", "rank": "0", "State Trend (Pooled)": "90.1", "Percentile (2013)": "3", "timeseries": false, "Margins of Error (2013)": "2.8", "State (2013)": "88.1"}]}], "name": "Confidence in Public Institutions", "rank": 6, "icon": "fa fa-university"}]